"F [1427,1656] var1","Finally [1427,1656] var1","{'eventually': {'bound': (1427, 1656), 'expression': 'var1'}}","The formula states that eventually, from time 1427 to 1656, var1 will be true."
(var2 || var3),(var2 or var3),"{'or': ['var2', 'var3']}",The formula evaluates to true if either var2 or var3 is true.
(var4 && var5),(var4 and var5),"{'and': ['var4', 'var5']}",The formula is the logical AND of variables var4 and var5.
"F [777,1915] var6","Finally [777,1915] var6","{'eventually': {'bound': (777, 1915), 'expression': 'var6'}}","The formula is ""Eventually from time 777 to 1915, var6 is true."""
"(var7 until [340,829] var8)","(var7 until [340,829] var8)","{'until': {'bound': (340, 829), 'expressions': ['var7', 'var8']}}","The formula represents an expression that holds true from time 340 to time 829, where the value of var7 is true until var8 becomes true."
"G [224,1953] (var9)","Always [224,1953] (var9)","{'globally': {'bound': (224, 1953), 'expression': 'var9'}}",The formula is true from time 224 to 1953 if var9 is true.
"G [1822,1836] (var10)","Always [1822,1836] (var10)","{'globally': {'bound': (1822, 1836), 'expression': 'var10'}}","The formula states that the variable var10 is true from time 1822 to 1836, continuously."
"(var11 until [1265,1391] var12)","(var11 until [1265,1391] var12)","{'until': {'bound': (1265, 1391), 'expressions': ['var11', 'var12']}}","The formula represents the expression ""var11 until var12 from time 1265 to 1391""."
(var13 && var14),(var13 and var14),"{'and': ['var13', 'var14']}",The formula is a conjunction of var13 and var14.
(var15 || var16),(var15 or var16),"{'or': ['var15', 'var16']}",This formula represents a disjunction (OR) between variables var15 and var16.
"(var17 until [427,1983] var18)","(var17 until [427,1983] var18)","{'until': {'bound': (427, 1983), 'expressions': ['var17', 'var18']}}","The formula evaluates to true from time 427 to 1983, as long as var17 is true until var18 becomes true."
"F [742,1128] var19","Finally [742,1128] var19","{'eventually': {'bound': (742, 1128), 'expression': 'var19'}}","The formula F [742,1128] var19 describes an event that will eventually occur from time 742 to 1128, based on the variable var19."
(var20 || var21),(var20 or var21),"{'or': ['var20', 'var21']}",This formula represents a logical OR operation between variable var20 and variable var21.
(var22 || var23),(var22 or var23),"{'or': ['var22', 'var23']}",This formula represents the logical OR operation between the variables var22 and var23.
"(var24 until [1273,1988] var25)","(var24 until [1273,1988] var25)","{'until': {'bound': (1273, 1988), 'expressions': ['var24', 'var25']}}","The formula represents the expression ""var24 until var25"" from time 1273 to 1988."
not var26,not var26,{'not': 'var26'},The formula is the negation of var26.
"F [906,1614] var27","Finally [906,1614] var27","{'eventually': {'bound': (906, 1614), 'expression': 'var27'}}",The formula represents the eventuality of the variable var27 occurring from time 906 to 1614.
"(var28 until [1148,1246] var29)","(var28 until [1148,1246] var29)","{'until': {'bound': (1148, 1246), 'expressions': ['var28', 'var29']}}",This formula represents the condition where 'var28' holds true from time 1148 to 1246 until 'var29' becomes true.
"(var30 until [578,1045] var31)","(var30 until [578,1045] var31)","{'until': {'bound': (578, 1045), 'expressions': ['var30', 'var31']}}",The formula represents the expression 'var30' until 'var31' from time 578 to 1045.
"(var32 until [1529,1947] var33)","(var32 until [1529,1947] var33)","{'until': {'bound': (1529, 1947), 'expressions': ['var32', 'var33']}}",The formula states that var32 is true from time 1529 to 1947 until var33 becomes true.
(var34 || var35),(var34 or var35),"{'or': ['var34', 'var35']}",The formula represents a logical OR operation between variables var34 and var35.
(var36 && var37),(var36 and var37),"{'and': ['var36', 'var37']}",This formula evaluates to true if both var36 and var37 are true.
not var38,not var38,{'not': 'var38'},The formula is the negation of the variable var38.
"G [1733,1983] (var39)","Always [1733,1983] (var39)","{'globally': {'bound': (1733, 1983), 'expression': 'var39'}}",The formula represents a globally bound expression that is true from time 1733 to 1983 for the variable var39.
"(var40 until [1406,1998] var41)","(var40 until [1406,1998] var41)","{'until': {'bound': (1406, 1998), 'expressions': ['var40', 'var41']}}",The formula represents var40 until var41 from time 1406 to 1998.
(var42 || var43),(var42 or var43),"{'or': ['var42', 'var43']}",This formula represents either var42 or var43 from time a to b.
"G [1246,1273] (var44)","Always [1246,1273] (var44)","{'globally': {'bound': (1246, 1273), 'expression': 'var44'}}",The formula expresses that the variable 44 is true from time 1246 to 1273 and remains true throughout that time.
"F [1056,1112] var45","Finally [1056,1112] var45","{'eventually': {'bound': (1056, 1112), 'expression': 'var45'}}",The formula expresses the eventuality of a variable var45 from time 1056 to 1112.
"F [1876,1934] var46","Finally [1876,1934] var46","{'eventually': {'bound': (1876, 1934), 'expression': 'var46'}}",The formula states that var46 eventually occurs from time 1876 to 1934.
not var47,not var47,{'not': 'var47'},The formula is the negation of var47.
"G [1383,1592] (var48)","Always [1383,1592] (var48)","{'globally': {'bound': (1383, 1592), 'expression': 'var48'}}","The formula states that the variable var48 holds true from time 1383 to 1592, continuously."
(var49 && var50),(var49 and var50),"{'and': ['var49', 'var50']}",This formula evaluates to true if both var49 and var50 are true.
(var51 || var52),(var51 or var52),"{'or': ['var51', 'var52']}","This formula represents a logical OR operation performed between two variables, var51 and var52."
"G [1764,1815] (var53)","Always [1764,1815] (var53)","{'globally': {'bound': (1764, 1815), 'expression': 'var53'}}",The formula is true from time 1764 to 1815 if and only if var53 is true.
"F [1423,1995] var54","Finally [1423,1995] var54","{'eventually': {'bound': (1423, 1995), 'expression': 'var54'}}",The formula expresses that var54 will eventually occur from time 1423 to 1995.
not var55,not var55,{'not': 'var55'},The formula is the negation of the variable var55.
"F [439,1774] var56","Finally [439,1774] var56","{'eventually': {'bound': (439, 1774), 'expression': 'var56'}}","The formula states that the expression ""var56"" will eventually occur from time 439 to 1774."
"F [1333,1521] var57","Finally [1333,1521] var57","{'eventually': {'bound': (1333, 1521), 'expression': 'var57'}}",The formula is true from time 1333 to 1521 if var57 eventually occurs.
"(var58 until [139,338] var59)","(var58 until [139,338] var59)","{'until': {'bound': (139, 338), 'expressions': ['var58', 'var59']}}","The formula states that var58 is true until var59 is true, from time 139 to 338."
"F [1148,1344] var60","Finally [1148,1344] var60","{'eventually': {'bound': (1148, 1344), 'expression': 'var60'}}","The formula states that eventually, the expression represented by var60 will be true from time 1148 to 1344."
"G [188,804] (var61)","Always [188,804] (var61)","{'globally': {'bound': (188, 804), 'expression': 'var61'}}",The formula is true from time 188 to 804 if and only if var61 is true.
"(var62 until [1612,1712] var63)","(var62 until [1612,1712] var63)","{'until': {'bound': (1612, 1712), 'expressions': ['var62', 'var63']}}",The formula represents an expression that evaluates whether var62 holds until var63 within a specific time range from 1612 to 1712.
"(var64 until [213,1755] var65)","(var64 until [213,1755] var65)","{'until': {'bound': (213, 1755), 'expressions': ['var64', 'var65']}}",The formula represents an expression that holds true from time 213 to time 1755 as long as both var64 and var65 are true.
"F [126,931] var66","Finally [126,931] var66","{'eventually': {'bound': (126, 931), 'expression': 'var66'}}","The formula represents that the variable ""var66"" will occur from time 126 to time 931."
(var67 && var68),(var67 and var68),"{'and': ['var67', 'var68']}",This formula represents the logical AND operation between variables var67 and var68.
(var69 && var70),(var69 and var70),"{'and': ['var69', 'var70']}",The formula evaluates to true if both var69 and var70 are true.
(var71 && var72),(var71 and var72),"{'and': ['var71', 'var72']}",This formula evaluates as 'var71' and 'var72' from time a to b.
(var73 || var74),(var73 or var74),"{'or': ['var73', 'var74']}",The formula represents a logical OR operation between variables var73 and var74.
(var75 && var76),(var75 and var76),"{'and': ['var75', 'var76']}",This formula represents the logical conjunction of the variables var75 and var76.
not var77,not var77,{'not': 'var77'},The formula is the negation of var77.
"((var78 until [1248,1392] var79) && (var80 || var81))","((var78 until [1248,1392] var79) and (var80 or var81))","{'and': [{'until': {'bound': (1248, 1392), 'expressions': ['var78', 'var79']}}, {'or': ['var80', 'var81']}]}",The formula represents the conjunction of two sub-formulas. The first sub-formula represents the event of var78 holding true from time 1248 to 1392 until var79 holds true. The second sub-formula represents the disjunction of var80 and var81.
"(G [49,1148] (var82) && G [838,1485] (var83))","(Always [49,1148] (var82) and Always [838,1485] (var83))","{'and': [{'globally': {'bound': (49, 1148), 'expression': 'var82'}}, {'globally': {'bound': (838, 1485), 'expression': 'var83'}}]}",The formula states that both the variable var82 is true from time 49 to 1148 and the variable var83 is true from time 838 to 1485.
(not var84  && (var85 && var86)),(not var84  and (var85 and var86)),"{'and': [{'not': 'var84'}, {'and': ['var85', 'var86']}]}","The formula is a conjunction of three variables, where the first variable is negated. The variables are denoted as var84, var85, and var86."
"F [399,834] G [348,1920] (var87)","Finally [399,834] Always [348,1920] (var87)","{'eventually': {'bound': (399, 834), 'expression': {'globally': {'bound': (348, 1920), 'expression': 'var87'}}}}","The formula states that from time 399 to 834, it is required that from time 348 to 1920, var87 is always true."
"F [116,1703] (var88 || var89)","Finally [116,1703] (var88 or var89)","{'eventually': {'bound': (116, 1703), 'expression': {'or': ['var88', 'var89']}}}",The formula holds true for some time from time 116 to time 1703 if either var88 or var89 is true.
"G [678,1748] (G [5,406] (var90))","Always [678,1748] (Always [5,406] (var90))","{'globally': {'bound': (678, 1748), 'expression': {'globally': {'bound': (5, 406), 'expression': 'var90'}}}}","The formula requires the variable var90 to hold true from time 5 to 406, and this must hold true globally from time 678 to 1748."
"not F [906,1424] var91 ","not Finally [906,1424] var91 ","{'not': {'eventually': {'bound': (906, 1424), 'expression': 'var91'}}}",The formula states that it is not the case that the variable var91 holds true from time 906 to 1424.
"G [1626,1644] ((var92 && var93))","Always [1626,1644] ((var92 and var93))","{'globally': {'bound': (1626, 1644), 'expression': {'and': ['var92', 'var93']}}}",The formula is true from time 1626 to 1644 if both var92 and var93 are true.
"(F [1463,1564] var94 || (var95 until [869,973] var96))","(Finally [1463,1564] var94 or (var95 until [869,973] var96))","{'or': [{'eventually': {'bound': (1463, 1564), 'expression': 'var94'}}, {'until': {'bound': (869, 973), 'expressions': ['var95', 'var96']}}]}","The formula describes an event that occurs from time 1463 to 1564 for var94, or an event that occurs until time 869 to 973 for var95 and var96."
"G [1479,1921] ((var97 || var98))","Always [1479,1921] ((var97 or var98))","{'globally': {'bound': (1479, 1921), 'expression': {'or': ['var97', 'var98']}}}",The formula is true from time 1479 to 1921 if either var97 or var98 is true.
"F [990,1898] (var99 until [566,1462] var100)","Finally [990,1898] (var99 until [566,1462] var100)","{'eventually': {'bound': (990, 1898), 'expression': {'until': {'bound': (566, 1462), 'expressions': ['var99', 'var100']}}}}","The formula describes an event that eventually occurs from time 990 to 1898, until another event occurs from time 566 to 1462, involving variables var99 and var100."
"G [1516,1544] ((var101 until [400,1837] var102))","Always [1516,1544] ((var101 until [400,1837] var102))","{'globally': {'bound': (1516, 1544), 'expression': {'until': {'bound': (400, 1837), 'expressions': ['var101', 'var102']}}}}","The formula is a globally operator applied to an until operator. The until operator has a bound from time 400 to 1837 and contains two expressions, var101 and var102. The globally operator has a bound from time 1516 to 1544."
"not G [278,1291] (var103) ","not Always [278,1291] (var103) ","{'not': {'globally': {'bound': (278, 1291), 'expression': 'var103'}}}","The formula states that the expression ""var103"" is not true from time 278 to 1291."
"F [1,1167] G [1695,1934] (var104)","Finally [1,1167] Always [1695,1934] (var104)","{'eventually': {'bound': (1, 1167), 'expression': {'globally': {'bound': (1695, 1934), 'expression': 'var104'}}}}","The formula states that from time 1 to 1167, it is guaranteed that from time 1695 to 1934, the variable var104 will hold true."
"not (var105 until [836,1059] var106) ","not (var105 until [836,1059] var106) ","{'not': {'until': {'bound': (836, 1059), 'expressions': ['var105', 'var106']}}}",The formula represents the negation of the condition that var105 holds from time 836 to 1059 until var106 holds.
"F [1923,1926] G [1730,1857] (var107)","Finally [1923,1926] Always [1730,1857] (var107)","{'eventually': {'bound': (1923, 1926), 'expression': {'globally': {'bound': (1730, 1857), 'expression': 'var107'}}}}","The formula states that eventually, from time 1923 to 1926, it must always be the case from time 1730 to 1857 that var107 is true."
"((var108 && var109) until [1011,1071] F [277,312] var110)","((var108 and var109) until [1011,1071] Finally [277,312] var110)","{'until': {'bound': (1011, 1071), 'expressions': [{'and': ['var108', 'var109']}, {'eventually': {'bound': (277, 312), 'expression': 'var110'}}]}}",The formula states that both var108 and var109 must be true from time 1011 to 1071 until var110 becomes true from time 277 to 312.
"((var111 && var112) && (var113 until [189,735] var114))","((var111 and var112) and (var113 until [189,735] var114))","{'and': [{'and': ['var111', 'var112']}, {'until': {'bound': (189, 735), 'expressions': ['var113', 'var114']}}]}","The formula represents the conjunction of two conjunctions: var111 and var112, and the until operator from time 189 to 735 between var113 and var114."
"(G [277,752] (var115) && (var116 || var117))","(Always [277,752] (var115) and (var116 or var117))","{'and': [{'globally': {'bound': (277, 752), 'expression': 'var115'}}, {'or': ['var116', 'var117']}]}","The formula states that from time 277 to 752, var115 must always be true, and either var116 or var117 must be true."
"G [1502,1786] ((var118 || var119))","Always [1502,1786] ((var118 or var119))","{'globally': {'bound': (1502, 1786), 'expression': {'or': ['var118', 'var119']}}}",The formula is a globally bound expression that is either var118 or var119 from time 1502 to 1786.
"F [1367,1437] (var120 until [1056,1538] var121)","Finally [1367,1437] (var120 until [1056,1538] var121)","{'eventually': {'bound': (1367, 1437), 'expression': {'until': {'bound': (1056, 1538), 'expressions': ['var120', 'var121']}}}}","The formula expresses that event F will occur from time 1367 to 1437, as long as var120 occurs until the time range from 1056 to 1538 in conjunction with var121."
"not F [1752,1837] var122 ","not Finally [1752,1837] var122 ","{'not': {'eventually': {'bound': (1752, 1837), 'expression': 'var122'}}}",The formula is negation of the event that var122 occurs from time 1752 to 1837.
"G [1806,1950] (G [868,1281] (var123))","Always [1806,1950] (Always [868,1281] (var123))","{'globally': {'bound': (1806, 1950), 'expression': {'globally': {'bound': (868, 1281), 'expression': 'var123'}}}}","The formula represents the condition that the variable ""var123"" must hold globally from time 868 to 1281, and this condition must hold globally from time 1806 to 1950."
"F [1324,1338] (var124 until [440,1905] var125)","Finally [1324,1338] (var124 until [440,1905] var125)","{'eventually': {'bound': (1324, 1338), 'expression': {'until': {'bound': (440, 1905), 'expressions': ['var124', 'var125']}}}}","From time 1324 to 1338, the event 'var124 until [440,1905] var125' eventually occurs."
"((var126 || var127) && G [1786,1804] (var128))","((var126 or var127) and Always [1786,1804] (var128))","{'and': [{'or': ['var126', 'var127']}, {'globally': {'bound': (1786, 1804), 'expression': 'var128'}}]}","The formula is true when either var126 or var127 is true, and var128 is true from time 1786 to 1804."
"not F [1819,1879] var129 ","not Finally [1819,1879] var129 ","{'not': {'eventually': {'bound': (1819, 1879), 'expression': 'var129'}}}","The formula is the negation of the event ""var129"" occurring from time 1819 to 1879."
"(not var130  until [934,1491] (var131 && var132))","(not var130  until [934,1491] (var131 and var132))","{'until': {'bound': (934, 1491), 'expressions': [{'not': 'var130'}, {'and': ['var131', 'var132']}]}}","The formula represents the logical expression ""not var130 until from time 934 to 1491, var131 and var132""."
"G [1659,2001] ((var133 && var134))","Always [1659,2001] ((var133 and var134))","{'globally': {'bound': (1659, 2001), 'expression': {'and': ['var133', 'var134']}}}","The formula states that from time 1659 to 2001, both var133 and var134 must be true at all times."
"G [1303,1477] (G [686,1131] (var135))","Always [1303,1477] (Always [686,1131] (var135))","{'globally': {'bound': (1303, 1477), 'expression': {'globally': {'bound': (686, 1131), 'expression': 'var135'}}}}","The formula states that the expression var135 holds globally from time 1303 to 1477, and within that time range, the expression var135 holds globally from time 686 to 1131."
"(F [1054,1419] var136 || (var137 && var138))","(Finally [1054,1419] var136 or (var137 and var138))","{'or': [{'eventually': {'bound': (1054, 1419), 'expression': 'var136'}}, {'and': ['var137', 'var138']}]}","The formula is true from time 1054 to 1419 if var136 eventually occurs, or if both var137 and var138 occur."
"F [1744,1827] (var139 until [1274,1320] var140)","Finally [1744,1827] (var139 until [1274,1320] var140)","{'eventually': {'bound': (1744, 1827), 'expression': {'until': {'bound': (1274, 1320), 'expressions': ['var139', 'var140']}}}}","The formula states that eventually, from time 1744 to 1827, var139 holds until from time 1274 to 1320, var140 holds."
"(G [1087,1189] (var141) until [1039,1351] not var142 )","(Always [1087,1189] (var141) until [1039,1351] not var142 )","{'until': {'bound': (1039, 1351), 'expressions': [{'globally': {'bound': (1087, 1189), 'expression': 'var141'}}, {'not': 'var142'}]}}","From time 1087 to 1189, the variable var141 holds true until from time 1039 to 1351, the variable var142 does not hold true."
"G [1082,1174] ((var143 && var144))","Always [1082,1174] ((var143 and var144))","{'globally': {'bound': (1082, 1174), 'expression': {'and': ['var143', 'var144']}}}",The formula is true from time 1082 to 1174 if both var143 and var144 are true.
"((var145 || var146) || G [837,1668] (var147))","((var145 or var146) or Always [837,1668] (var147))","{'or': [{'or': ['var145', 'var146']}, {'globally': {'bound': (837, 1668), 'expression': 'var147'}}]}",The formula is a logical OR between (var145 OR var146) OR globally from time 837 to 1668 var147.
"G [832,1496] ((var148 && var149))","Always [832,1496] ((var148 and var149))","{'globally': {'bound': (832, 1496), 'expression': {'and': ['var148', 'var149']}}}",The formula is true from time 832 to 1496 if both var148 and var149 are true.
not not var150,not not var150,{'not': {'not': 'var150'}},The formula not not var150 is a negation of the negation of var150.
"(not var151  until [349,447] (var152 && var153))","(not var151  until [349,447] (var152 and var153))","{'until': {'bound': (349, 447), 'expressions': [{'not': 'var151'}, {'and': ['var152', 'var153']}]}}","The formula states that ""not var151"" is true until time 349 to 447, as long as both ""var152"" and ""var153"" are true."
"((var154 || var155) || G [203,355] (var156))","((var154 or var155) or Always [203,355] (var156))","{'or': [{'or': ['var154', 'var155']}, {'globally': {'bound': (203, 355), 'expression': 'var156'}}]}","The formula represents an expression that is true if either var154 or var155 is true, or if var156 is true from time 203 to 355."
"((var157 until [1443,1541] var158) until [1494,1795] (var159 until [276,401] var160))","((var157 until [1443,1541] var158) until [1494,1795] (var159 until [276,401] var160))","{'until': {'bound': (1494, 1795), 'expressions': [{'until': {'bound': (1443, 1541), 'expressions': ['var157', 'var158']}}, {'until': {'bound': (276, 401), 'expressions': ['var159', 'var160']}}]}}","The formula represents a sequence of events that occur from time 157 to time 158, and then from time 159 to time 160, within the overall time period from time 1494 to time 1795."
"not F [696,908] var161 ","not Finally [696,908] var161 ","{'not': {'eventually': {'bound': (696, 908), 'expression': 'var161'}}}",The formula is the negation of the event that var161 occurs from time 696 to 908.
"(not (var162 until [1539,1689] var163)  && (not var164  || not var165 ))","(not (var162 until [1539,1689] var163)  and (not var164  or not var165 ))","{'and': [{'not': {'until': {'bound': (1539, 1689), 'expressions': ['var162', 'var163']}}}, {'or': [{'not': 'var164'}, {'not': 'var165'}]}]}","This formula represents the conjunction of two conditions. The first condition states that the expression ""var162"" is not true until time 1539 and becomes true again after time 1689, and ""var163"" is not true during the same time interval. The second condition states that either ""var164"" or ""var165"" is not true."
"((not var166  || (var167 || var168)) || F [403,1664] (var169 until [957,1944] var170))","((not var166  or (var167 or var168)) or Finally [403,1664] (var169 until [957,1944] var170))","{'or': [{'or': [{'not': 'var166'}, {'or': ['var167', 'var168']}]}, {'eventually': {'bound': (403, 1664), 'expression': {'until': {'bound': (957, 1944), 'expressions': ['var169', 'var170']}}}}]}","The formula is an OR statement between two sub-formulas. The first sub-formula is an OR statement between the negation of variable var166 and the OR statement between variables var167 and var168. The second sub-formula is the eventuality operator from time 403 to 1664, which encompasses the until operator from time 957 to 1944 between variables var169 and var170."
"(not F [1942,1961] var171  && ((var172 && var173) || (var174 until [736,1384] var175)))","(not Finally [1942,1961] var171  and ((var172 and var173) or (var174 until [736,1384] var175)))","{'and': [{'not': {'eventually': {'bound': (1942, 1961), 'expression': 'var171'}}}, {'or': [{'and': ['var172', 'var173']}, {'until': {'bound': (736, 1384), 'expressions': ['var174', 'var175']}}]}]}","The formula is a conjunction of two subformulas. The first subformula is the negation of an event that occurs from time 1942 to 1961, and is denoted by 'var171'. The second subformula is a disjunction of two subformulas. The first subformula is the conjunction of two events, denoted by 'var172' and 'var173'. The second subformula is an event that occurs until time 1384 and is denoted by 'var175', where the event 'var174' holds true during this time."
"G [1289,1441] ((not var176  until [214,338] (var177 && var178)))","Always [1289,1441] ((not var176  until [214,338] (var177 and var178)))","{'globally': {'bound': (1289, 1441), 'expression': {'until': {'bound': (214, 338), 'expressions': [{'not': 'var176'}, {'and': ['var177', 'var178']}]}}}}","The formula states that from time 1289 to 1441, the statement ""var176 is not true"" must be false until the statement ""var177 is true and var178 is true"" becomes true."
"((not var179  || F [200,1782] var180) && G [1088,1633] (G [1711,1765] (var181)))","((not var179  or Finally [200,1782] var180) and Always [1088,1633] (Always [1711,1765] (var181)))","{'and': [{'or': [{'not': 'var179'}, {'eventually': {'bound': (200, 1782), 'expression': 'var180'}}]}, {'globally': {'bound': (1088, 1633), 'expression': {'globally': {'bound': (1711, 1765), 'expression': 'var181'}}}}]}","The formula represents the logical expression that states ""var179 is not true or var180 eventually holds from time 200 to 1782, and var181 holds globally from time 1711 to 1765."""
"G [448,772] (not (var182 || var183) )","Always [448,772] (not (var182 or var183) )","{'globally': {'bound': (448, 772), 'expression': {'not': {'or': ['var182', 'var183']}}}}","The formula states that from time 448 to 772, it is always not the case that either var182 or var183 are true."
"not F [673,1492] (var184 && var185) ","not Finally [673,1492] (var184 and var185) ","{'not': {'eventually': {'bound': (673, 1492), 'expression': {'and': ['var184', 'var185']}}}}",The formula is a negation of an eventually bounded expression of the conjunction of variables var184 and var185 from time 673 to 1492.
"((not var186  && G [1980,2000] (var187)) until [1774,1946] ((var188 || var189) || not var190 ))","((not var186  and Always [1980,2000] (var187)) until [1774,1946] ((var188 or var189) or not var190 ))","{'until': {'bound': (1774, 1946), 'expressions': [{'and': [{'not': 'var186'}, {'globally': {'bound': (1980, 2000), 'expression': 'var187'}}]}, {'or': [{'or': ['var188', 'var189']}, {'not': 'var190'}]}]}}","The formula represents the condition where ""var186"" is false and ""var187"" holds globally from time 1980 to 2000 until the condition ""var188 or var189 or not var190"" holds between the time 1774 and 1946."
"((G [1492,1754] (var191) || not var192 ) until [589,1599] ((var193 && var194) && (var195 || var196)))","((Always [1492,1754] (var191) or not var192 ) until [589,1599] ((var193 and var194) and (var195 or var196)))","{'until': {'bound': (589, 1599), 'expressions': [{'or': [{'globally': {'bound': (1492, 1754), 'expression': 'var191'}}, {'not': 'var192'}]}, {'and': [{'and': ['var193', 'var194']}, {'or': ['var195', 'var196']}]}]}}","From time 589 to 1599, the formula is true until either (var193 and var194) and (var195 or var196) are both true, or from time 1492 to 1754, var191 is globally true and var192 is false."
"not not G [611,1189] (var197)  ","not not Always [611,1189] (var197)  ","{'not': {'not': {'globally': {'bound': (611, 1189), 'expression': 'var197'}}}}","The formula is a negation of a negation of a globally bound expression from time 611 to 1189, denoted as var197."
"F [1790,1925] G [754,1963] (not var198 )","Finally [1790,1925] Always [754,1963] (not var198 )","{'eventually': {'bound': (1790, 1925), 'expression': {'globally': {'bound': (754, 1963), 'expression': {'not': 'var198'}}}}}","The formula represents an event that eventually happens from time 1790 to 1925, and globally, there is a time interval from 754 to 1963 where the variable var198 is not true."
"(not (var199 && var200)  until [1732,1836] (G [358,1401] (var201) || not var202 ))","(not (var199 and var200)  until [1732,1836] (Always [358,1401] (var201) or not var202 ))","{'until': {'bound': (1732, 1836), 'expressions': [{'not': {'and': ['var199', 'var200']}}, {'or': [{'globally': {'bound': (358, 1401), 'expression': 'var201'}}, {'not': 'var202'}]}]}}","The formula states that from time 1732 to 1836, it is not the case that both var199 and var200 are true until globally from time 358 to 1401, var201 is true or it is not the case that var202 is true."
not (not var203  || (var204 || var205)),not (not var203  or (var204 or var205)),"{'not': {'or': [{'not': 'var203'}, {'or': ['var204', 'var205']}]}}",This formula evaluates from time a to b as the negation of the negation of var203 or the disjunction of var204 and var205.
"(not (var206 until [1382,1596] var207)  until [1036,1135] G [1857,1899] (not var208 ))","(not (var206 until [1382,1596] var207)  until [1036,1135] Always [1857,1899] (not var208 ))","{'until': {'bound': (1036, 1135), 'expressions': [{'not': {'until': {'bound': (1382, 1596), 'expressions': ['var206', 'var207']}}}, {'globally': {'bound': (1857, 1899), 'expression': {'not': 'var208'}}}]}}","The formula states that there is a time from 1036 to 1135 where it is globally true that from time 1382 to 1596, 'var206' does not hold until 'var207' holds, and from time 1857 to 1899, it is globally true that 'var208' does not hold."
"(((var209 && var210) until [1247,1787] (var211 || var212)) || F [569,1198] F [1406,1838] var213)","(((var209 and var210) until [1247,1787] (var211 or var212)) or Finally [569,1198] Finally [1406,1838] var213)","{'or': [{'until': {'bound': (1247, 1787), 'expressions': [{'and': ['var209', 'var210']}, {'or': ['var211', 'var212']}]}}, {'eventually': {'bound': (569, 1198), 'expression': {'eventually': {'bound': (1406, 1838), 'expression': 'var213'}}}}]}","The formula represents a logical expression that combines multiple conditions. It specifies that either both var209 and var210 are true until a certain time period from 1247 to 1787, or eventually var213 is true within two separate time periods from 569 to 1198 and from 1406 to 1838."
"F [333,599] (not var214  && (var215 && var216))","Finally [333,599] (not var214  and (var215 and var216))","{'eventually': {'bound': (333, 599), 'expression': {'and': [{'not': 'var214'}, {'and': ['var215', 'var216']}]}}}",The formula holds from time 333 to 599 if var214 is false and both var215 and var216 are true.
"(G [951,1987] ((var217 || var218)) || (F [362,989] var219 && (var220 || var221)))","(Always [951,1987] ((var217 or var218)) or (Finally [362,989] var219 and (var220 or var221)))","{'or': [{'globally': {'bound': (951, 1987), 'expression': {'or': ['var217', 'var218']}}}, {'and': [{'eventually': {'bound': (362, 989), 'expression': 'var219'}}, {'or': ['var220', 'var221']}]}]}","The formula represents a logical expression that consists of two parts. The first part is a global operator that holds true for a specified time range from time 951 to 1987, and it is satisfied if either var217 or var218 is true. The second part is a combination of an eventually operator that holds true for a specified time range from time 362 to 989 if var219 becomes true, and an and operator that is satisfied if either var220 or var221 is true."
"F [64,221] (not var222  until [1415,1512] (var223 && var224))","Finally [64,221] (not var222  until [1415,1512] (var223 and var224))","{'eventually': {'bound': (64, 221), 'expression': {'until': {'bound': (1415, 1512), 'expressions': [{'not': 'var222'}, {'and': ['var223', 'var224']}]}}}}",The formula is true from time 64 to 221 if and only if var222 is not true until time 1415 to 1512 when both var223 and var224 are true.
"((G [1820,1934] (var225) until [1105,1273] G [833,1571] (var226)) || (G [1527,1894] (var227) && not var228 ))","((Always [1820,1934] (var225) until [1105,1273] Always [833,1571] (var226)) or (Always [1527,1894] (var227) and not var228 ))","{'or': [{'until': {'bound': (1105, 1273), 'expressions': [{'globally': {'bound': (1820, 1934), 'expression': 'var225'}}, {'globally': {'bound': (833, 1571), 'expression': 'var226'}}]}}, {'and': [{'globally': {'bound': (1527, 1894), 'expression': 'var227'}}, {'not': 'var228'}]}]}",The formula represents a logical expression that can be described as follows:
"F [229,643] (G [614,855] (var229) || (var230 && var231))","Finally [229,643] (Always [614,855] (var229) or (var230 and var231))","{'eventually': {'bound': (229, 643), 'expression': {'or': [{'globally': {'bound': (614, 855), 'expression': 'var229'}}, {'and': ['var230', 'var231']}]}}}",
"G [917,1016] ((F [1653,1993] var232 || F [1507,1848] var233))","Always [917,1016] ((Finally [1653,1993] var232 or Finally [1507,1848] var233))","{'globally': {'bound': (917, 1016), 'expression': {'or': [{'eventually': {'bound': (1653, 1993), 'expression': 'var232'}}, {'eventually': {'bound': (1507, 1848), 'expression': 'var233'}}]}}}","Either from time 1820 to 1934, the variable var225 holds true until from time 1105 to 1273, both var225 and var226 hold true; or from time 1527 to 1894, var227 holds true and var228 is not true."
"G [230,363] (F [1694,1785] (var234 until [888,1502] var235))","Always [230,363] (Finally [1694,1785] (var234 until [888,1502] var235))","{'globally': {'bound': (230, 363), 'expression': {'eventually': {'bound': (1694, 1785), 'expression': {'until': {'bound': (888, 1502), 'expressions': ['var234', 'var235']}}}}}}","The formula states that from time 229 to 643, it is required that either var229 holds globally or both var230 and var231 hold."
"(F [994,1639] F [1875,1949] var236 until [1783,1831] G [805,1223] ((var237 && var238)))","(Finally [994,1639] Finally [1875,1949] var236 until [1783,1831] Always [805,1223] ((var237 and var238)))","{'until': {'bound': (1783, 1831), 'expressions': [{'eventually': {'bound': (994, 1639), 'expression': {'eventually': {'bound': (1875, 1949), 'expression': 'var236'}}}}, {'globally': {'bound': (805, 1223), 'expression': {'and': ['var237', 'var238']}}}]}}","The formula represents ""From time 917 to 1016, it is globally true that either from time 1653 to 1993, var232 eventually holds true or from time 1507 to 1848, var233 eventually holds true."""
"(F [958,1845] (var239 || var240) && ((var241 && var242) || (var243 until [1351,1376] var244)))","(Finally [958,1845] (var239 or var240) and ((var241 and var242) or (var243 until [1351,1376] var244)))","{'and': [{'eventually': {'bound': (958, 1845), 'expression': {'or': ['var239', 'var240']}}}, {'or': [{'and': ['var241', 'var242']}, {'until': {'bound': (1351, 1376), 'expressions': ['var243', 'var244']}}]}]}","The formula represents a globally bound event that occurs from time 230 to 363, and within that event, there is an eventually bound event that occurs from time 1694 to 1785, and within that event, there is an until bound event that occurs from time 888 to 1502, involving variables var234 and var235."
"G [1046,1743] (G [1015,1763] (F [319,434] var245))","Always [1046,1743] (Always [1015,1763] (Finally [319,434] var245))","{'globally': {'bound': (1046, 1743), 'expression': {'globally': {'bound': (1015, 1763), 'expression': {'eventually': {'bound': (319, 434), 'expression': 'var245'}}}}}}","The formula describes a condition that holds from time 994 to 1639, and then from time 1875 to 1949, the variable var236 eventually holds. This condition is true until time 1783 to 1831, where the variable var237 and var238 are both true from time 805 to 1223."
"(not not var246   until [830,1345] not (var247 && var248) )","(not not var246   until [830,1345] not (var247 and var248) )","{'until': {'bound': (830, 1345), 'expressions': [{'not': {'not': 'var246'}}, {'not': {'and': ['var247', 'var248']}}]}}","From time 958 to 1845, eventually either var239 or var240 must be true, and at the same time, either var241 and var242 must be true or var243 must be true until time 1351 to 1376 when var244 becomes true."
"G [1098,1624] (G [1103,1335] (G [1882,1950] (var249)))","Always [1098,1624] (Always [1103,1335] (Always [1882,1950] (var249)))","{'globally': {'bound': (1098, 1624), 'expression': {'globally': {'bound': (1103, 1335), 'expression': {'globally': {'bound': (1882, 1950), 'expression': 'var249'}}}}}}","The formula is a globally operator that is bounded from time 1046 to 1743. Inside this globally operator, there is another globally operator that is bounded from time 1015 to 1763. Inside this second globally operator, there is an eventually operator that is bounded from time 319 to 434 and its expression is a variable named var245."
"G [66,783] (((var250 && var251) || not var252 ))","Always [66,783] (((var250 and var251) or not var252 ))","{'globally': {'bound': (66, 783), 'expression': {'or': [{'and': ['var250', 'var251']}, {'not': 'var252'}]}}}","The formula states that var246 is not false from time 830 to 1345, until both var247 and var248 are not true."
"(F [1158,1725] (var253 until [69,1494] var254) || ((var255 until [981,1925] var256) until [1714,1957] (var257 || var258)))","(Finally [1158,1725] (var253 until [69,1494] var254) or ((var255 until [981,1925] var256) until [1714,1957] (var257 or var258)))","{'or': [{'eventually': {'bound': (1158, 1725), 'expression': {'until': {'bound': (69, 1494), 'expressions': ['var253', 'var254']}}}}, {'until': {'bound': (1714, 1957), 'expressions': [{'until': {'bound': (981, 1925), 'expressions': ['var255', 'var256']}}, {'or': ['var257', 'var258']}]}}]}","The formula holds from time 1098 to 1624, and within that time interval, it also holds from time 1103 to 1335, and within that subinterval, it further holds from time 1882 to 1950. The formula specifies the variable 'var249'."
"(G [1432,1546] (not var259 ) && not not var260  )","(Always [1432,1546] (not var259 ) and not not var260  )","{'and': [{'globally': {'bound': (1432, 1546), 'expression': {'not': 'var259'}}}, {'not': {'not': 'var260'}}]}",The formula is true from time 66 to 783 if either var250 and var251 are true or var252 is false.
"not F [880,1383] not (var261 until [701,1453] var262)  ","not Finally [880,1383] not (var261 until [701,1453] var262)  ","{'not': {'eventually': {'bound': (880, 1383), 'expression': {'not': {'until': {'bound': (701, 1453), 'expressions': ['var261', 'var262']}}}}}}","The formula describes an event that occurs from time 1158 to 1725 where either var253 continues until time 1494 or var255 continues until time 1925, and then either var257 or var258 occurs from time 1714 to 1957."
"(G [749,1007] ((not var263  || (var264 || var265))) until [1591,1869] G [1833,1930] (((var266 || var267) || F [1081,1721] var268)))","(Always [749,1007] ((not var263  or (var264 or var265))) until [1591,1869] Always [1833,1930] (((var266 or var267) or Finally [1081,1721] var268)))","{'until': {'bound': (1591, 1869), 'expressions': [{'globally': {'bound': (749, 1007), 'expression': {'or': [{'not': 'var263'}, {'or': ['var264', 'var265']}]}}}, {'globally': {'bound': (1833, 1930), 'expression': {'or': [{'or': ['var266', 'var267']}, {'eventually': {'bound': (1081, 1721), 'expression': 'var268'}}]}}}]}}",The formula is true from time 1432 to 1546 if 'var259' is false and 'var260' is true.
"not not F [1981,1995] (var269 until [1739,1780] var270)  ","not not Finally [1981,1995] (var269 until [1739,1780] var270)  ","{'not': {'not': {'eventually': {'bound': (1981, 1995), 'expression': {'until': {'bound': (1739, 1780), 'expressions': ['var269', 'var270']}}}}}}","The formula is describing a negated event that occurs from time 880 to 1383, which is not followed by the event of var261 occurring until from time 701 to 1453, followed by the event of var262 occurring."
"(G [1158,1323] (not G [1479,1752] (var271) ) || F [1981,1993] ((var272 && var273) && (var274 || var275)))","(Always [1158,1323] (not Always [1479,1752] (var271) ) or Finally [1981,1993] ((var272 and var273) and (var274 or var275)))","{'or': [{'globally': {'bound': (1158, 1323), 'expression': {'not': {'globally': {'bound': (1479, 1752), 'expression': 'var271'}}}}}, {'eventually': {'bound': (1981, 1993), 'expression': {'and': [{'and': ['var272', 'var273']}, {'or': ['var274', 'var275']}]}}}]}","The formula holds from time 749 to 1007 globally, either var263 is false or either var264 or var265 is true, until from time 1591 to 1869 globally, either var266 or var267 is true or eventually from time 1081 to 1721, var268 is true."
"((F [1436,1532] not var276  until [1533,1727] ((var277 || var278) && G [1825,1976] (var279))) until [419,917] G [819,1353] ((G [437,481] (var280) until [1573,1691] not var281 )))","((Finally [1436,1532] not var276  until [1533,1727] ((var277 or var278) and Always [1825,1976] (var279))) until [419,917] Always [819,1353] ((Always [437,481] (var280) until [1573,1691] not var281 )))","{'until': {'bound': (419, 917), 'expressions': [{'until': {'bound': (1533, 1727), 'expressions': [{'eventually': {'bound': (1436, 1532), 'expression': {'not': 'var276'}}}, {'and': [{'or': ['var277', 'var278']}, {'globally': {'bound': (1825, 1976), 'expression': 'var279'}}]}]}}, {'globally': {'bound': (819, 1353), 'expression': {'until': {'bound': (1573, 1691), 'expressions': [{'globally': {'bound': (437, 481), 'expression': 'var280'}}, {'not': 'var281'}]}}}}]}}","The formula is a negation of a negation of the event F, which occurs from time 1981 to 1995, until the event var269 occurs from time 1739 to 1780, followed by the event var270."
"(not (not var282  || not var283 )  && (F [1276,1466] F [615,745] var284 || ((var285 until [1271,1578] var286) until [934,1877] not var287 )))","(not (not var282  or not var283 )  and (Finally [1276,1466] Finally [615,745] var284 or ((var285 until [1271,1578] var286) until [934,1877] not var287 )))","{'and': [{'not': {'or': [{'not': 'var282'}, {'not': 'var283'}]}}, {'or': [{'eventually': {'bound': (1276, 1466), 'expression': {'eventually': {'bound': (615, 745), 'expression': 'var284'}}}}, {'until': {'bound': (934, 1877), 'expressions': [{'until': {'bound': (1271, 1578), 'expressions': ['var285', 'var286']}}, {'not': 'var287'}]}}]}]}","The formula holds from time 1158 to 1323 if it is not the case that the formula holds from time 1479 to 1752 for var271, or from time 1981 to 1993 both var272 and var273 hold true and either var274 or var275 holds true."
"(not G [1863,1966] ((var288 && var289))  || (F [382,1059] (var290 && var291) && G [1657,1757] (G [722,1173] (var292))))","(not Always [1863,1966] ((var288 and var289))  or (Finally [382,1059] (var290 and var291) and Always [1657,1757] (Always [722,1173] (var292))))","{'or': [{'not': {'globally': {'bound': (1863, 1966), 'expression': {'and': ['var288', 'var289']}}}}, {'and': [{'eventually': {'bound': (382, 1059), 'expression': {'and': ['var290', 'var291']}}}, {'globally': {'bound': (1657, 1757), 'expression': {'globally': {'bound': (722, 1173), 'expression': 'var292'}}}}]}]}","The formula represents a temporal logic expression that specifies a sequence of events and conditions occurring within specific time intervals. It combines operators such as ""until,"" ""not,"" ""and,"" ""or,"" ""globally,"" and ""eventually"" to define the temporal relationships between different events and conditions. The formula describes a complex pattern of events and conditions happening from time 1436 to 1976, with specific sub-patterns occurring from time 1533 to 1727 and from time 419 to 917."
"((G [191,1656] (G [1891,1932] (var293)) || ((var294 || var295) && F [225,1923] var296)) && G [632,1165] ((not var297  || F [52,1560] var298)))","((Always [191,1656] (Always [1891,1932] (var293)) or ((var294 or var295) and Finally [225,1923] var296)) and Always [632,1165] ((not var297  or Finally [52,1560] var298)))","{'and': [{'or': [{'globally': {'bound': (191, 1656), 'expression': {'globally': {'bound': (1891, 1932), 'expression': 'var293'}}}}, {'and': [{'or': ['var294', 'var295']}, {'eventually': {'bound': (225, 1923), 'expression': 'var296'}}]}]}, {'globally': {'bound': (632, 1165), 'expression': {'or': [{'not': 'var297'}, {'eventually': {'bound': (52, 1560), 'expression': 'var298'}}]}}}]}","The formula describes a logical statement involving several variables, time intervals, and logical operators. It specifies that the result should be true if the negation of (var282 or var283) is false, and either the event var284 occurs within the time interval from 1276 to 1466 or the expression (var285 until var286) holds true within the time interval from 934 to 1877, while not(var287) is true."
"(((G [989,1815] (var299) || F [1632,1646] var300) && F [1994,2000] G [1343,1468] (var301)) && (not G [1757,1809] (var302)  until [389,1458] F [709,1308] (var303 until [1738,1773] var304)))","(((Always [989,1815] (var299) or Finally [1632,1646] var300) and Finally [1994,2000] Always [1343,1468] (var301)) and (not Always [1757,1809] (var302)  until [389,1458] Finally [709,1308] (var303 until [1738,1773] var304)))","{'and': [{'and': [{'or': [{'globally': {'bound': (989, 1815), 'expression': 'var299'}}, {'eventually': {'bound': (1632, 1646), 'expression': 'var300'}}]}, {'eventually': {'bound': (1994, 2000), 'expression': {'globally': {'bound': (1343, 1468), 'expression': 'var301'}}}}]}, {'until': {'bound': (389, 1458), 'expressions': [{'not': {'globally': {'bound': (1757, 1809), 'expression': 'var302'}}}, {'eventually': {'bound': (709, 1308), 'expression': {'until': {'bound': (1738, 1773), 'expressions': ['var303', 'var304']}}}}]}}]}","The formula is a disjunction of two expressions. The first expression is a negation of a globally bounded conjunction of two variables from time 1863 to 1966. The second expression is a conjunction of two sub-expressions. The first sub-expression is an eventual bounded conjunction of two variables from time 382 to 1059. The second sub-expression is a globally bounded globally bounded variable from time 1657 to 1757, which is further nested within a globally bounded variable from time 722 to 1173."
"F [1442,1952] (G [1705,1772] ((var305 && var306)) && F [742,1193] G [1226,1972] (var307))","Finally [1442,1952] (Always [1705,1772] ((var305 and var306)) and Finally [742,1193] Always [1226,1972] (var307))","{'eventually': {'bound': (1442, 1952), 'expression': {'and': [{'globally': {'bound': (1705, 1772), 'expression': {'and': ['var305', 'var306']}}}, {'eventually': {'bound': (742, 1193), 'expression': {'globally': {'bound': (1226, 1972), 'expression': 'var307'}}}}]}}}","From time 191 to 1656, globally from time 1891 to 1932 the variable var293 holds true, or either var294 or var295 hold true and eventually from time 225 to 1923 the variable var296 holds true, and globally from time 632 to 1165, either the variable var297 is false or eventually from time 52 to 1560 the variable var298 holds true."
"F [933,1497] G [1054,1076] (F [614,1826] G [314,1537] (var308))","Finally [933,1497] Always [1054,1076] (Finally [614,1826] Always [314,1537] (var308))","{'eventually': {'bound': (933, 1497), 'expression': {'globally': {'bound': (1054, 1076), 'expression': {'eventually': {'bound': (614, 1826), 'expression': {'globally': {'bound': (314, 1537), 'expression': 'var308'}}}}}}}}","The formula describes a logical expression involving the operators ""globally"", ""eventually"", ""and"", ""or"", ""not"", and ""until"". It specifies conditions for variables var299, var300, var301, var302, var303, and var304. The expression is evaluated from time 989 to 1815 for var299, from time 1632 to 1646 for var300, from time 1994 to 2000 for var301, from time 1343 to 1468 for the nested globally expression of var301, from time 1757 to 1809 for var302, and from time 389 to 1458 for the until expression involving var303 and var304."
"((F [6,499] (var309 || var310) && F [42,1582] (var311 until [1716,1783] var312)) || (not (var313 || var314)  || ((var315 || var316) until [308,1590] (var317 && var318))))","((Finally [6,499] (var309 or var310) and Finally [42,1582] (var311 until [1716,1783] var312)) or (not (var313 or var314)  or ((var315 or var316) until [308,1590] (var317 and var318))))","{'or': [{'and': [{'eventually': {'bound': (6, 499), 'expression': {'or': ['var309', 'var310']}}}, {'eventually': {'bound': (42, 1582), 'expression': {'until': {'bound': (1716, 1783), 'expressions': ['var311', 'var312']}}}}]}, {'or': [{'not': {'or': ['var313', 'var314']}}, {'until': {'bound': (308, 1590), 'expressions': [{'or': ['var315', 'var316']}, {'and': ['var317', 'var318']}]}}]}]}","The formula holds true from time 1442 to 1952, and within that time interval, it is guaranteed that from time 1705 to 1772, both var305 and var306 are true, and from time 742 to 1193, it is guaranteed that from time 1226 to 1972, var307 is always true."
"((F [1926,1961] (var319 && var320) until [677,875] not not var321  ) until [1208,1260] (F [1032,1376] G [786,1860] (var322) && F [1894,1920] not var323 ))","((Finally [1926,1961] (var319 and var320) until [677,875] not not var321  ) until [1208,1260] (Finally [1032,1376] Always [786,1860] (var322) and Finally [1894,1920] not var323 ))","{'until': {'bound': (1208, 1260), 'expressions': [{'until': {'bound': (677, 875), 'expressions': [{'eventually': {'bound': (1926, 1961), 'expression': {'and': ['var319', 'var320']}}}, {'not': {'not': 'var321'}}]}}, {'and': [{'eventually': {'bound': (1032, 1376), 'expression': {'globally': {'bound': (786, 1860), 'expression': 'var322'}}}}, {'eventually': {'bound': (1894, 1920), 'expression': {'not': 'var323'}}}]}]}}","The formula states that from time 933 to 1497, it is guaranteed that from time 1054 to 1076, it will eventually be the case that from time 614 to 1826, it is guaranteed that from time 314 to 1537, the variable 'var308' holds."
"(not ((var324 && var325) until [372,1843] not var326 )  || (((var327 || var328) until [41,1397] not var329 ) until [1146,1968] G [616,1236] ((var330 until [1643,1956] var331))))","(not ((var324 and var325) until [372,1843] not var326 )  or (((var327 or var328) until [41,1397] not var329 ) until [1146,1968] Always [616,1236] ((var330 until [1643,1956] var331))))","{'or': [{'not': {'until': {'bound': (372, 1843), 'expressions': [{'and': ['var324', 'var325']}, {'not': 'var326'}]}}}, {'until': {'bound': (1146, 1968), 'expressions': [{'until': {'bound': (41, 1397), 'expressions': [{'or': ['var327', 'var328']}, {'not': 'var329'}]}}, {'globally': {'bound': (616, 1236), 'expression': {'until': {'bound': (1643, 1956), 'expressions': ['var330', 'var331']}}}}]}}]}","The formula describes a logical expression that combines different sub-expressions. It consists of two main branches joined by an 'or' operator. The first branch includes two sub-expressions connected by an 'and' operator, each of which is bound from a specific time range. The second branch includes two sub-expressions connected by an 'or' operator, with the first sub-expression being negated. The second sub-expression in the second branch is an 'until' expression, which is bound from a specific time range and includes two sub-expressions connected by an 'and' operator."
"(((G [176,796] (var332) || F [1318,1400] var333) until [1962,1989] F [300,1918] (var334 until [1539,1562] var335)) || ((not var336  until [1797,1834] F [1566,1940] var337) || G [500,1597] (G [345,1873] (var338))))","(((Always [176,796] (var332) or Finally [1318,1400] var333) until [1962,1989] Finally [300,1918] (var334 until [1539,1562] var335)) or ((not var336  until [1797,1834] Finally [1566,1940] var337) or Always [500,1597] (Always [345,1873] (var338))))","{'or': [{'until': {'bound': (1962, 1989), 'expressions': [{'or': [{'globally': {'bound': (176, 796), 'expression': 'var332'}}, {'eventually': {'bound': (1318, 1400), 'expression': 'var333'}}]}, {'eventually': {'bound': (300, 1918), 'expression': {'until': {'bound': (1539, 1562), 'expressions': ['var334', 'var335']}}}}]}}, {'or': [{'until': {'bound': (1797, 1834), 'expressions': [{'not': 'var336'}, {'eventually': {'bound': (1566, 1940), 'expression': 'var337'}}]}}, {'globally': {'bound': (500, 1597), 'expression': {'globally': {'bound': (345, 1873), 'expression': 'var338'}}}}]}]}","The formula represents a temporal logic expression that specifies a pattern of events and conditions over a specific time interval. It involves the use of logical operators such as 'and', 'not', 'until', 'globally', and 'eventually', which are applied to different variables and time bounds. The formula is structured using nested expressions and has specific time intervals assigned to each subexpression."
"not not F [786,1230] (var339 until [1394,1775] var340)  ","not not Finally [786,1230] (var339 until [1394,1775] var340)  ","{'not': {'not': {'eventually': {'bound': (786, 1230), 'expression': {'until': {'bound': (1394, 1775), 'expressions': ['var339', 'var340']}}}}}}","The formula describes a logical expression involving the operators 'not', 'and', 'or', 'until', and 'globally'. It specifies conditions and time intervals for certain variables ('var324', 'var325', 'var326', 'var327', 'var328', 'var329', 'var330', 'var331') to be true or false within specific time intervals."
"not ((F [920,1216] var341 || (var342 || var343)) until [1786,1908] F [349,1677] F [980,1426] var344) ","not ((Finally [920,1216] var341 or (var342 or var343)) until [1786,1908] Finally [349,1677] Finally [980,1426] var344) ","{'not': {'until': {'bound': (1786, 1908), 'expressions': [{'or': [{'eventually': {'bound': (920, 1216), 'expression': 'var341'}}, {'or': ['var342', 'var343']}]}, {'eventually': {'bound': (349, 1677), 'expression': {'eventually': {'bound': (980, 1426), 'expression': 'var344'}}}}]}}}","The formula represents a logical expression involving the operators ""or"" and ""until"". It consists of two main branches, each containing sub-expressions. The first branch includes a ""Globally"" operator from time 176 to 796 for ""var332"", or an ""Eventually"" operator from time 1318 to 1400 for ""var333"", or an ""Eventually"" operator from time 300 to 1918 for an ""Until"" expression. The ""Until"" expression includes ""var334"" and ""var335"" for a duration from time 1539 to 1562. The second branch includes a ""Not"" operator for ""var336"" until time 1797 to 1834, or an ""Eventually"" operator for ""var337"" from time 1566 to 1940, or a ""Globally"" operator from time 500 to 1597, containing another ""Globally"" operator for ""var338"" from time 345 to 1873."
"((((var345 && var346) until [1318,1888] not var347 ) || G [552,724] ((var348 || var349))) || (G [1930,1989] ((var350 && var351)) && not not var352  ))","((((var345 and var346) until [1318,1888] not var347 ) or Always [552,724] ((var348 or var349))) or (Always [1930,1989] ((var350 and var351)) and not not var352  ))","{'or': [{'or': [{'until': {'bound': (1318, 1888), 'expressions': [{'and': ['var345', 'var346']}, {'not': 'var347'}]}}, {'globally': {'bound': (552, 724), 'expression': {'or': ['var348', 'var349']}}}]}, {'and': [{'globally': {'bound': (1930, 1989), 'expression': {'and': ['var350', 'var351']}}}, {'not': {'not': 'var352'}}]}]}","The formula is a negation of a negation of the event F from time 786 to 1230, until the event var340 from time 1394 to 1775."
"((((var353 && var354) || (var355 until [924,932] var356)) until [1236,1528] not not var357  ) until [1147,1412] (F [301,1181] G [426,625] (var358) || not G [422,677] (var359) ))","((((var353 and var354) or (var355 until [924,932] var356)) until [1236,1528] not not var357  ) until [1147,1412] (Finally [301,1181] Always [426,625] (var358) or not Always [422,677] (var359) ))","{'until': {'bound': (1147, 1412), 'expressions': [{'until': {'bound': (1236, 1528), 'expressions': [{'or': [{'and': ['var353', 'var354']}, {'until': {'bound': (924, 932), 'expressions': ['var355', 'var356']}}]}, {'not': {'not': 'var357'}}]}}, {'or': [{'eventually': {'bound': (301, 1181), 'expression': {'globally': {'bound': (426, 625), 'expression': 'var358'}}}}, {'not': {'globally': {'bound': (422, 677), 'expression': 'var359'}}}]}]}}","The formula represents the negation of an event happening from time 920 to 1216, or the disjunction of two events happening at any time, until an event happens from time 1786 to 1908, and eventually an event happens from time 349 to 1677, and eventually an event happens from time 980 to 1426."
"((((var360 && var361) && (var362 || var363)) || G [1045,1666] (not var364 )) until [1900,1969] (not (var365 || var366)  && ((var367 || var368) until [637,1049] (var369 || var370))))","((((var360 and var361) and (var362 or var363)) or Always [1045,1666] (not var364 )) until [1900,1969] (not (var365 or var366)  and ((var367 or var368) until [637,1049] (var369 or var370))))","{'until': {'bound': (1900, 1969), 'expressions': [{'or': [{'and': [{'and': ['var360', 'var361']}, {'or': ['var362', 'var363']}]}, {'globally': {'bound': (1045, 1666), 'expression': {'not': 'var364'}}}]}, {'and': [{'not': {'or': ['var365', 'var366']}}, {'until': {'bound': (637, 1049), 'expressions': [{'or': ['var367', 'var368']}, {'or': ['var369', 'var370']}]}}]}]}}","The formula represents a complex logical expression that combines several sub-expressions using logical operators such as ""and"", ""or"", ""not"", ""until"", and ""globally"". The formula specifies conditions that are satisfied over different time intervals, ranging from specific time intervals to globally."
"(not not G [75,524] ((var371 until [716,1454] var372))   || not (not G [1231,1583] (var373)  until [539,1043] ((var374 until [84,1729] var375) || F [763,1097] var376)) )","(not not Always [75,524] ((var371 until [716,1454] var372))   or not (not Always [1231,1583] (var373)  until [539,1043] ((var374 until [84,1729] var375) or Finally [763,1097] var376)) )","{'or': [{'not': {'not': {'globally': {'bound': (75, 524), 'expression': {'until': {'bound': (716, 1454), 'expressions': ['var371', 'var372']}}}}}}, {'not': {'until': {'bound': (539, 1043), 'expressions': [{'not': {'globally': {'bound': (1231, 1583), 'expression': 'var373'}}}, {'or': [{'until': {'bound': (84, 1729), 'expressions': ['var374', 'var375']}}, {'eventually': {'bound': (763, 1097), 'expression': 'var376'}}]}]}}}]}","The formula represents a sequence of nested until operators that combine logical expressions and time bounds. It includes conjunctions, disjunctions, negations, and the F and G operators."
"((((G [1291,1781] (var377) until [1394,1595] (var378 until [1874,1985] var379)) && (G [1761,2000] (var380) && (var381 && var382))) || ((not var383  && G [1993,1999] (var384)) && ((var385 || var386) && (var387 && var388)))) || not (((var389 || var390) && F [386,1232] var391) || (F [370,1712] var392 until [816,1670] (var393 && var394))) )","((((Always [1291,1781] (var377) until [1394,1595] (var378 until [1874,1985] var379)) and (Always [1761,2000] (var380) and (var381 and var382))) or ((not var383  and Always [1993,1999] (var384)) and ((var385 or var386) and (var387 and var388)))) or not (((var389 or var390) and Finally [386,1232] var391) or (Finally [370,1712] var392 until [816,1670] (var393 and var394))) )","{'or': [{'or': [{'and': [{'until': {'bound': (1394, 1595), 'expressions': [{'globally': {'bound': (1291, 1781), 'expression': 'var377'}}, {'until': {'bound': (1874, 1985), 'expressions': ['var378', 'var379']}}]}}, {'and': [{'globally': {'bound': (1761, 2000), 'expression': 'var380'}}, {'and': ['var381', 'var382']}]}]}, {'and': [{'and': [{'not': 'var383'}, {'globally': {'bound': (1993, 1999), 'expression': 'var384'}}]}, {'and': [{'or': ['var385', 'var386']}, {'and': ['var387', 'var388']}]}]}]}, {'not': {'or': [{'and': [{'or': ['var389', 'var390']}, {'eventually': {'bound': (386, 1232), 'expression': 'var391'}}]}, {'until': {'bound': (816, 1670), 'expressions': [{'eventually': {'bound': (370, 1712), 'expression': 'var392'}}, {'and': ['var393', 'var394']}]}}]}}]}","The formula is a composition of logical operators and temporal operators. It represents a condition that holds true from time 1900 to 1969, where the condition is the conjunction of two expressions: the first expression is the disjunction of the conjunction of two variables (var360 and var361) and the disjunction of two other variables (var362 and var363), and the second expression is the negation of the disjunction of two variables (var365 and var366) and the conjunction of two variables (var367 and var368) until the condition is satisfied from time 637 to 1049, where the condition is the disjunction of two variables (var369 and var370)."
"(((F [1087,1564] not var395  || not (var396 || var397) ) || not ((var398 || var399) until [1746,1849] G [951,1424] (var400)) ) until [504,1254] G [1434,1608] (((not var401  || F [1028,1837] var402) && G [890,1536] ((var403 && var404)))))","(((Finally [1087,1564] not var395  or not (var396 or var397) ) or not ((var398 or var399) until [1746,1849] Always [951,1424] (var400)) ) until [504,1254] Always [1434,1608] (((not var401  or Finally [1028,1837] var402) and Always [890,1536] ((var403 and var404)))))","{'until': {'bound': (504, 1254), 'expressions': [{'or': [{'or': [{'eventually': {'bound': (1087, 1564), 'expression': {'not': 'var395'}}}, {'not': {'or': ['var396', 'var397']}}]}, {'not': {'until': {'bound': (1746, 1849), 'expressions': [{'or': ['var398', 'var399']}, {'globally': {'bound': (951, 1424), 'expression': 'var400'}}]}}}]}, {'globally': {'bound': (1434, 1608), 'expression': {'and': [{'or': [{'not': 'var401'}, {'eventually': {'bound': (1028, 1837), 'expression': 'var402'}}]}, {'globally': {'bound': (890, 1536), 'expression': {'and': ['var403', 'var404']}}}]}}}]}}","The formula represents a logical expression involving temporal operators and variables. It describes a combination of negations, globally and until operators with specified time bounds, and an eventually operator. The formula is represented as an abstract syntax tree, with nested structures indicating the relationships and operators used."
"(G [1460,1622] ((F [1205,1402] (var405 until [239,558] var406) && ((var407 && var408) && (var409 until [1622,1872] var410)))) until [749,839] G [447,1773] ((((var411 && var412) && (var413 until [626,1835] var414)) until [580,1366] G [675,1169] (F [968,993] var415))))","(Always [1460,1622] ((Finally [1205,1402] (var405 until [239,558] var406) and ((var407 and var408) and (var409 until [1622,1872] var410)))) until [749,839] Always [447,1773] ((((var411 and var412) and (var413 until [626,1835] var414)) until [580,1366] Always [675,1169] (Finally [968,993] var415))))","{'until': {'bound': (749, 839), 'expressions': [{'globally': {'bound': (1460, 1622), 'expression': {'and': [{'eventually': {'bound': (1205, 1402), 'expression': {'until': {'bound': (239, 558), 'expressions': ['var405', 'var406']}}}}, {'and': [{'and': ['var407', 'var408']}, {'until': {'bound': (1622, 1872), 'expressions': ['var409', 'var410']}}]}]}}}, {'globally': {'bound': (447, 1773), 'expression': {'until': {'bound': (580, 1366), 'expressions': [{'and': [{'and': ['var411', 'var412']}, {'until': {'bound': (626, 1835), 'expressions': ['var413', 'var414']}}]}, {'globally': {'bound': (675, 1169), 'expression': {'eventually': {'bound': (968, 993), 'expression': 'var415'}}}}]}}}}]}}","The formula represents a logical expression that combines various conditions using logical operators such as ""and,"" ""or,"" and ""not."" The formula is divided into two main parts, each enclosed in parentheses and connected by the ""or"" operator. Within each part, there are nested conditions and operators, including ""and,"" ""or,"" ""not,"" ""globally,"" ""eventually,"" and ""until."" The formula also includes time bounds for certain conditions, specifying the time intervals during which those conditions should hold."
"(((G [1303,1958] (not var416 ) until [949,1437] G [1985,1998] (F [1642,1862] var417)) || G [322,1193] (((var418 until [1312,1633] var419) || (var420 until [1959,1978] var421)))) && (not not (var422 until [507,1969] var423)   until [1493,1730] G [1430,1924] (not (var424 && var425) )))","(((Always [1303,1958] (not var416 ) until [949,1437] Always [1985,1998] (Finally [1642,1862] var417)) or Always [322,1193] (((var418 until [1312,1633] var419) or (var420 until [1959,1978] var421)))) and (not not (var422 until [507,1969] var423)   until [1493,1730] Always [1430,1924] (not (var424 and var425) )))","{'and': [{'or': [{'until': {'bound': (949, 1437), 'expressions': [{'globally': {'bound': (1303, 1958), 'expression': {'not': 'var416'}}}, {'globally': {'bound': (1985, 1998), 'expression': {'eventually': {'bound': (1642, 1862), 'expression': 'var417'}}}}]}}, {'globally': {'bound': (322, 1193), 'expression': {'or': [{'until': {'bound': (1312, 1633), 'expressions': ['var418', 'var419']}}, {'until': {'bound': (1959, 1978), 'expressions': ['var420', 'var421']}}]}}}]}, {'until': {'bound': (1493, 1730), 'expressions': [{'not': {'not': {'until': {'bound': (507, 1969), 'expressions': ['var422', 'var423']}}}}, {'globally': {'bound': (1430, 1924), 'expression': {'not': {'and': ['var424', 'var425']}}}}]}}]}","The formula represents a complex logical expression involving various operators such as 'not', '||' (logical OR), '&&' (logical AND), 'until', 'globally', and 'eventually'. It specifies conditions that must be satisfied or not satisfied within certain time ranges."
"G [764,1701] (((((var426 until [311,1337] var427) until [18,1016] (var428 && var429)) until [129,551] (F [732,1373] var430 || (var431 until [52,1105] var432))) until [311,466] not G [1682,1798] (not var433 ) ))","Always [764,1701] (((((var426 until [311,1337] var427) until [18,1016] (var428 and var429)) until [129,551] (Finally [732,1373] var430 or (var431 until [52,1105] var432))) until [311,466] not Always [1682,1798] (not var433 ) ))","{'globally': {'bound': (764, 1701), 'expression': {'until': {'bound': (311, 466), 'expressions': [{'until': {'bound': (129, 551), 'expressions': [{'until': {'bound': (18, 1016), 'expressions': [{'until': {'bound': (311, 1337), 'expressions': ['var426', 'var427']}}, {'and': ['var428', 'var429']}]}}, {'or': [{'eventually': {'bound': (732, 1373), 'expression': 'var430'}}, {'until': {'bound': (52, 1105), 'expressions': ['var431', 'var432']}}]}]}}, {'not': {'globally': {'bound': (1682, 1798), 'expression': {'not': 'var433'}}}}]}}}}","The formula represents a complex time-based logical expression with multiple nested sub-expressions. It involves globally and eventually operators, conjunctions, and until operators with specified time bounds."
"(G [1255,1507] ((F [159,1945] F [689,1424] var434 || G [178,589] ((var435 && var436)))) && G [849,1627] (not not (var437 && var438)  ))","(Always [1255,1507] ((Finally [159,1945] Finally [689,1424] var434 or Always [178,589] ((var435 and var436)))) and Always [849,1627] (not not (var437 and var438)  ))","{'and': [{'globally': {'bound': (1255, 1507), 'expression': {'or': [{'eventually': {'bound': (159, 1945), 'expression': {'eventually': {'bound': (689, 1424), 'expression': 'var434'}}}}, {'globally': {'bound': (178, 589), 'expression': {'and': ['var435', 'var436']}}}]}}}, {'globally': {'bound': (849, 1627), 'expression': {'not': {'not': {'and': ['var437', 'var438']}}}}}]}","The formula represents a logical expression that combines different conditions and time intervals. It consists of nested expressions such as 'globally', 'eventually', 'not', 'and', and 'or'. The formula includes temporal operators such as 'until' and 'globally', which specify time intervals or constraints. The formula also includes variables (var416, var417, var418, var419, var420, var421, var422, var423, var424, var425) that represent different conditions or events."
"(G [1156,1751] (not (G [375,1165] (var439) || (var440 until [1524,1779] var441)) ) until [770,1321] G [1617,1854] (F [1807,1971] G [1510,1802] ((var442 || var443))))","(Always [1156,1751] (not (Always [375,1165] (var439) or (var440 until [1524,1779] var441)) ) until [770,1321] Always [1617,1854] (Finally [1807,1971] Always [1510,1802] ((var442 or var443))))","{'until': {'bound': (770, 1321), 'expressions': [{'globally': {'bound': (1156, 1751), 'expression': {'not': {'or': [{'globally': {'bound': (375, 1165), 'expression': 'var439'}}, {'until': {'bound': (1524, 1779), 'expressions': ['var440', 'var441']}}]}}}}, {'globally': {'bound': (1617, 1854), 'expression': {'eventually': {'bound': (1807, 1971), 'expression': {'globally': {'bound': (1510, 1802), 'expression': {'or': ['var442', 'var443']}}}}}}}]}}","The formula represents a temporal logic statement that specifies a property that holds globally (from time 764 to 1701) and is composed of nested until, and, or, and not operators."
"F [688,915] (not ((var444 && var445) && G [366,829] (var446))  || ((not var447  || not var448 ) && (F [869,1192] var449 && not var450 )))","Finally [688,915] (not ((var444 and var445) and Always [366,829] (var446))  or ((not var447  or not var448 ) and (Finally [869,1192] var449 and not var450 )))","{'eventually': {'bound': (688, 915), 'expression': {'or': [{'not': {'and': [{'and': ['var444', 'var445']}, {'globally': {'bound': (366, 829), 'expression': 'var446'}}]}}, {'and': [{'or': [{'not': 'var447'}, {'not': 'var448'}]}, {'and': [{'eventually': {'bound': (869, 1192), 'expression': 'var449'}}, {'not': 'var450'}]}]}]}}}","The formula states that a certain condition must hold from time 1255 to 1507, where the condition consists of either the eventuality of another condition holding from time 159 to 1945 and from time 689 to 1424, or the global condition that two variables (var435 and var436) must both be true from time 178 to 589. Additionally, another condition must hold from time 849 to 1627, which is the negation of the negation of the conjunction of two variables (var437 and var438)."
"G [395,922] (((F [951,1047] (var451 || var452) || G [1748,1854] (G [628,1409] (var453))) || (((var454 && var455) && G [1188,1688] (var456)) && not F [49,161] var457 )))","Always [395,922] (((Finally [951,1047] (var451 or var452) or Always [1748,1854] (Always [628,1409] (var453))) or (((var454 and var455) and Always [1188,1688] (var456)) and not Finally [49,161] var457 )))","{'globally': {'bound': (395, 922), 'expression': {'or': [{'or': [{'eventually': {'bound': (951, 1047), 'expression': {'or': ['var451', 'var452']}}}, {'globally': {'bound': (1748, 1854), 'expression': {'globally': {'bound': (628, 1409), 'expression': 'var453'}}}}]}, {'and': [{'and': [{'and': ['var454', 'var455']}, {'globally': {'bound': (1188, 1688), 'expression': 'var456'}}]}, {'not': {'eventually': {'bound': (49, 161), 'expression': 'var457'}}}]}]}}}","The formula describes a temporal property that specifies a sequence of events. It states that from time 770 to 1321, a certain condition is true until from time 1156 to 1751, another condition is not true. This second condition is composed of two sub-conditions: either a variable named 'var439' is true globally from time 375 to 1165, or a variable named 'var440' is true until from time 1524 to 1779 along with another variable named 'var441'. Additionally, from time 1617 to 1854, a third condition is true globally. This condition states that from time 1807 to 1971, there is an eventual occurrence of a condition that is true globally from time 1510 to 1802. This last condition is composed of an 'or' operator between two variables named 'var442' and 'var443'."
,,,"Formula: From time 688 to 915, it is not the case that either both var444 and var445 hold continuously from time 366 to 829 and var446 holds continuously from time 366 to 829, or it is the case that either var447 does not hold or var448 does not hold, and both var449 holds from time 869 to 1192 and var450 does not hold continuously from time 869 to 1192."
,,,The formula is describing a condition that holds true for a specified time period.